-- ============================================================
-- EduManage School Management System
-- FILE: 02_seed_data.sql  |  Run AFTER 01_schema.sql
-- Inserts demo school, users, classes, students, fees, notices
-- Password for ALL accounts: admin123
-- ============================================================

-- ============================================================
-- SCHOOL & ACADEMIC YEAR
-- ============================================================
INSERT INTO schools (id, name, code, city, state, phone, email, website, principal_name, affiliation_no, established_year, is_active)
VALUES (
  'a0000000-0000-0000-0000-000000000001',
  'Sunrise High School',
  'SHS001',
  'Lucknow',
  'Uttar Pradesh',
  '0522-1234567',
  'info@sunrisehigh.edu.in',
  'https://sunrisehigh.edu.in',
  'Rajesh Kumar',
  'UP-2001-1234',
  1995,
  TRUE
) ON CONFLICT (code) DO UPDATE SET name = EXCLUDED.name, updated_at = NOW();

INSERT INTO academic_years (id, school_id, name, start_date, end_date, is_current)
VALUES (
  'b0000000-0000-0000-0000-000000000001',
  'a0000000-0000-0000-0000-000000000001',
  '2025-26', '2025-04-01', '2026-03-31', TRUE
) ON CONFLICT DO NOTHING;

-- ============================================================
-- USERS  (password = bcrypt of 'admin123', 12 rounds)
-- ============================================================
-- Hash value for 'admin123': $2b$12$LQv3c1yqBWVHxkd0LHAkCOYz6TtxMQJqhN8/LewdBPj4oINHsR7JC
INSERT INTO users (id, school_id, username, email, phone, password_hash, role, full_name, is_active) VALUES
  ('c0000000-0000-0000-0000-000000000001','a0000000-0000-0000-0000-000000000001','admin',       'admin@sunrise.edu.in',       '9000000001','$2b$12$LQv3c1yqBWVHxkd0LHAkCOYz6TtxMQJqhN8/LewdBPj4oINHsR7JC','school_admin', 'Admin User',         TRUE),
  ('c0000000-0000-0000-0000-000000000002','a0000000-0000-0000-0000-000000000001','principal',   'principal@sunrise.edu.in',   '9000000002','$2b$12$LQv3c1yqBWVHxkd0LHAkCOYz6TtxMQJqhN8/LewdBPj4oINHsR7JC','principal',   'Rajesh Kumar',       TRUE),
  ('c0000000-0000-0000-0000-000000000003','a0000000-0000-0000-0000-000000000001','teacher1',    'teacher1@sunrise.edu.in',    '9000000003','$2b$12$LQv3c1yqBWVHxkd0LHAkCOYz6TtxMQJqhN8/LewdBPj4oINHsR7JC','teacher',     'Sunita Sharma',      TRUE),
  ('c0000000-0000-0000-0000-000000000004','a0000000-0000-0000-0000-000000000001','teacher2',    'teacher2@sunrise.edu.in',    '9000000004','$2b$12$LQv3c1yqBWVHxkd0LHAkCOYz6TtxMQJqhN8/LewdBPj4oINHsR7JC','teacher',     'Ramesh Yadav',       TRUE),
  ('c0000000-0000-0000-0000-000000000005','a0000000-0000-0000-0000-000000000001','accountant',  'accounts@sunrise.edu.in',    '9000000005','$2b$12$LQv3c1yqBWVHxkd0LHAkCOYz6TtxMQJqhN8/LewdBPj4oINHsR7JC','accountant',  'Kavita Mishra',      TRUE),
  ('c0000000-0000-0000-0000-000000000006','a0000000-0000-0000-0000-000000000001','receptionist','reception@sunrise.edu.in',   '9000000006','$2b$12$LQv3c1yqBWVHxkd0LHAkCOYz6TtxMQJqhN8/LewdBPj4oINHsR7JC','receptionist','Anjali Singh',        TRUE),
  ('c0000000-0000-0000-0000-000000000007','a0000000-0000-0000-0000-000000000001','parent1',     'parent1@gmail.com',          '9876543210','$2b$12$LQv3c1yqBWVHxkd0LHAkCOYz6TtxMQJqhN8/LewdBPj4oINHsR7JC','parent',      'Rajesh Sharma',      TRUE),
  ('c0000000-0000-0000-0000-000000000008','a0000000-0000-0000-0000-000000000001','parent2',     'parent2@gmail.com',          '9765432100','$2b$12$LQv3c1yqBWVHxkd0LHAkCOYz6TtxMQJqhN8/LewdBPj4oINHsR7JC','parent',      'Manoj Singh',        TRUE)
ON CONFLICT (username) DO NOTHING;

-- ============================================================
-- CLASSES (Class 6 → Class 12)
-- ============================================================
INSERT INTO classes (id, school_id, academic_year_id, name, numeric_level, is_active) VALUES
  ('d1000000-0000-0000-0000-000000000001','a0000000-0000-0000-0000-000000000001','b0000000-0000-0000-0000-000000000001','Class 6', 6,TRUE),
  ('d1000000-0000-0000-0000-000000000002','a0000000-0000-0000-0000-000000000001','b0000000-0000-0000-0000-000000000001','Class 7', 7,TRUE),
  ('d1000000-0000-0000-0000-000000000003','a0000000-0000-0000-0000-000000000001','b0000000-0000-0000-0000-000000000001','Class 8', 8,TRUE),
  ('d1000000-0000-0000-0000-000000000004','a0000000-0000-0000-0000-000000000001','b0000000-0000-0000-0000-000000000001','Class 9', 9,TRUE),
  ('d1000000-0000-0000-0000-000000000005','a0000000-0000-0000-0000-000000000001','b0000000-0000-0000-0000-000000000001','Class 10',10,TRUE),
  ('d1000000-0000-0000-0000-000000000006','a0000000-0000-0000-0000-000000000001','b0000000-0000-0000-0000-000000000001','Class 11',11,TRUE),
  ('d1000000-0000-0000-0000-000000000007','a0000000-0000-0000-0000-000000000001','b0000000-0000-0000-0000-000000000001','Class 12',12,TRUE)
ON CONFLICT DO NOTHING;

-- ============================================================
-- SECTIONS (A & B for each class)
-- ============================================================
INSERT INTO sections (id, school_id, class_id, name, capacity, class_teacher_id, room_number) VALUES
  ('e1000000-0000-0000-0000-000000000001','a0000000-0000-0000-0000-000000000001','d1000000-0000-0000-0000-000000000001','A',42,'c0000000-0000-0000-0000-000000000003','R-101'),
  ('e1000000-0000-0000-0000-000000000002','a0000000-0000-0000-0000-000000000001','d1000000-0000-0000-0000-000000000001','B',40,'c0000000-0000-0000-0000-000000000004','R-102'),
  ('e1000000-0000-0000-0000-000000000003','a0000000-0000-0000-0000-000000000001','d1000000-0000-0000-0000-000000000002','A',42,'c0000000-0000-0000-0000-000000000003','R-201'),
  ('e1000000-0000-0000-0000-000000000004','a0000000-0000-0000-0000-000000000001','d1000000-0000-0000-0000-000000000002','B',40,'c0000000-0000-0000-0000-000000000004','R-202'),
  ('e1000000-0000-0000-0000-000000000005','a0000000-0000-0000-0000-000000000001','d1000000-0000-0000-0000-000000000003','A',44,'c0000000-0000-0000-0000-000000000003','R-301'),
  ('e1000000-0000-0000-0000-000000000006','a0000000-0000-0000-0000-000000000001','d1000000-0000-0000-0000-000000000003','B',40,'c0000000-0000-0000-0000-000000000004','R-302'),
  ('e1000000-0000-0000-0000-000000000007','a0000000-0000-0000-0000-000000000001','d1000000-0000-0000-0000-000000000004','A',44,'c0000000-0000-0000-0000-000000000003','R-401'),
  ('e1000000-0000-0000-0000-000000000008','a0000000-0000-0000-0000-000000000001','d1000000-0000-0000-0000-000000000005','A',42,'c0000000-0000-0000-0000-000000000004','R-501'),
  ('e1000000-0000-0000-0000-000000000009','a0000000-0000-0000-0000-000000000001','d1000000-0000-0000-0000-000000000006','A',40,'c0000000-0000-0000-0000-000000000003','R-601'),
  ('e1000000-0000-0000-0000-000000000010','a0000000-0000-0000-0000-000000000001','d1000000-0000-0000-0000-000000000007','A',38,'c0000000-0000-0000-0000-000000000004','R-701')
ON CONFLICT DO NOTHING;

-- ============================================================
-- SUBJECTS
-- ============================================================
INSERT INTO subjects (id, school_id, name, code, max_marks, pass_marks) VALUES
  ('f1000000-0000-0000-0000-000000000001','a0000000-0000-0000-0000-000000000001','Mathematics',      'MATH',100,33),
  ('f1000000-0000-0000-0000-000000000002','a0000000-0000-0000-0000-000000000001','Science',          'SCI', 100,33),
  ('f1000000-0000-0000-0000-000000000003','a0000000-0000-0000-0000-000000000001','English',          'ENG', 100,33),
  ('f1000000-0000-0000-0000-000000000004','a0000000-0000-0000-0000-000000000001','Hindi',            'HIN', 100,33),
  ('f1000000-0000-0000-0000-000000000005','a0000000-0000-0000-0000-000000000001','Social Studies',   'SST', 100,33),
  ('f1000000-0000-0000-0000-000000000006','a0000000-0000-0000-0000-000000000001','Computer Science', 'CS',  100,33),
  ('f1000000-0000-0000-0000-000000000007','a0000000-0000-0000-0000-000000000001','Sanskrit',         'SAN', 100,33),
  ('f1000000-0000-0000-0000-000000000008','a0000000-0000-0000-0000-000000000001','Physical Education','PE', 100,33)
ON CONFLICT (school_id, code) DO NOTHING;

-- ============================================================
-- FEE TYPES
-- ============================================================
INSERT INTO fee_types (id, school_id, name, code, frequency, is_recurring) VALUES
  ('g1000000-0000-0000-0000-000000000001','a0000000-0000-0000-0000-000000000001','Tuition Fee',   'TUI', 'monthly', TRUE),
  ('g1000000-0000-0000-0000-000000000002','a0000000-0000-0000-0000-000000000001','Admission Fee', 'ADM', 'one_time',FALSE),
  ('g1000000-0000-0000-0000-000000000003','a0000000-0000-0000-0000-000000000001','Exam Fee',      'EXM', 'quarterly',TRUE),
  ('g1000000-0000-0000-0000-000000000004','a0000000-0000-0000-0000-000000000001','Transport Fee', 'TRN', 'monthly', TRUE),
  ('g1000000-0000-0000-0000-000000000005','a0000000-0000-0000-0000-000000000001','Annual Fee',    'ANN', 'yearly',  TRUE),
  ('g1000000-0000-0000-0000-000000000006','a0000000-0000-0000-0000-000000000001','Library Fee',   'LIB', 'yearly',  TRUE),
  ('g1000000-0000-0000-0000-000000000007','a0000000-0000-0000-0000-000000000001','Sports Fee',    'SPT', 'yearly',  TRUE)
ON CONFLICT DO NOTHING;

-- ============================================================
-- FEE STRUCTURES (by class group)
-- ============================================================
-- Class 6, 7, 8
INSERT INTO fee_structures (school_id, academic_year_id, class_id, fee_type_id, amount, due_date, late_fee_per_day)
SELECT
  'a0000000-0000-0000-0000-000000000001',
  'b0000000-0000-0000-0000-000000000001',
  c.id, f.fee_type_id, f.amount, f.due_day, f.late_fee
FROM (VALUES
  ('d1000000-0000-0000-0000-000000000001'),
  ('d1000000-0000-0000-0000-000000000002'),
  ('d1000000-0000-0000-0000-000000000003')
) AS c(id)
CROSS JOIN (VALUES
  ('g1000000-0000-0000-0000-000000000001'::uuid, 1200.00, 10, 10.00),
  ('g1000000-0000-0000-0000-000000000002'::uuid, 2000.00, 10,  0.00),
  ('g1000000-0000-0000-0000-000000000003'::uuid,  500.00, 15,  5.00),
  ('g1000000-0000-0000-0000-000000000004'::uuid,  800.00,  5,  5.00),
  ('g1000000-0000-0000-0000-000000000005'::uuid, 1500.00, 30, 15.00),
  ('g1000000-0000-0000-0000-000000000006'::uuid,  300.00, 30,  0.00),
  ('g1000000-0000-0000-0000-000000000007'::uuid,  400.00, 30,  0.00)
) AS f(fee_type_id, amount, due_day, late_fee)
ON CONFLICT DO NOTHING;

-- Class 9, 10
INSERT INTO fee_structures (school_id, academic_year_id, class_id, fee_type_id, amount, due_date, late_fee_per_day)
SELECT
  'a0000000-0000-0000-0000-000000000001',
  'b0000000-0000-0000-0000-000000000001',
  c.id, f.fee_type_id, f.amount, f.due_day, f.late_fee
FROM (VALUES
  ('d1000000-0000-0000-0000-000000000004'),
  ('d1000000-0000-0000-0000-000000000005')
) AS c(id)
CROSS JOIN (VALUES
  ('g1000000-0000-0000-0000-000000000001'::uuid, 1500.00, 10, 10.00),
  ('g1000000-0000-0000-0000-000000000002'::uuid, 2500.00, 10,  0.00),
  ('g1000000-0000-0000-0000-000000000003'::uuid,  600.00, 15,  5.00),
  ('g1000000-0000-0000-0000-000000000004'::uuid,  800.00,  5,  5.00),
  ('g1000000-0000-0000-0000-000000000005'::uuid, 2000.00, 30, 15.00),
  ('g1000000-0000-0000-0000-000000000006'::uuid,  400.00, 30,  0.00)
) AS f(fee_type_id, amount, due_day, late_fee)
ON CONFLICT DO NOTHING;

-- ============================================================
-- DEMO STUDENTS (10 students)
-- ============================================================
INSERT INTO students (id, school_id, admission_no, first_name, last_name, date_of_birth, gender, blood_group, category, current_class_id, current_section_id, academic_year_id, admission_date, city, state, is_active, status) VALUES
  ('h1000000-0000-0000-0000-000000000001','a0000000-0000-0000-0000-000000000001','ADM2501','Aarav',  'Sharma', '2009-03-14','male',  'B+','general','d1000000-0000-0000-0000-000000000005','e1000000-0000-0000-0000-000000000008','b0000000-0000-0000-0000-000000000001','2025-04-01','Lucknow','Uttar Pradesh',TRUE,'active'),
  ('h1000000-0000-0000-0000-000000000002','a0000000-0000-0000-0000-000000000001','ADM2502','Priya',  'Singh',  '2011-07-22','female','A+','obc',    'd1000000-0000-0000-0000-000000000003','e1000000-0000-0000-0000-000000000006','b0000000-0000-0000-0000-000000000001','2025-04-01','Lucknow','Uttar Pradesh',TRUE,'active'),
  ('h1000000-0000-0000-0000-000000000003','a0000000-0000-0000-0000-000000000001','ADM2503','Rohit',  'Gupta',  '2007-11-05','male',  'O+','general','d1000000-0000-0000-0000-000000000007','e1000000-0000-0000-0000-000000000010','b0000000-0000-0000-0000-000000000001','2025-04-01','Lucknow','Uttar Pradesh',TRUE,'active'),
  ('h1000000-0000-0000-0000-000000000004','a0000000-0000-0000-0000-000000000001','ADM2504','Ananya', 'Patel',  '2013-05-19','female','AB+','sc',    'd1000000-0000-0000-0000-000000000001','e1000000-0000-0000-0000-000000000001','b0000000-0000-0000-0000-000000000001','2025-04-02','Lucknow','Uttar Pradesh',TRUE,'active'),
  ('h1000000-0000-0000-0000-000000000005','a0000000-0000-0000-0000-000000000001','ADM2505','Dev',    'Kumar',  '2008-09-30','male',  'B-','general','d1000000-0000-0000-0000-000000000006','e1000000-0000-0000-0000-000000000009','b0000000-0000-0000-0000-000000000001','2025-04-02','Lucknow','Uttar Pradesh',TRUE,'active'),
  ('h1000000-0000-0000-0000-000000000006','a0000000-0000-0000-0000-000000000001','ADM2506','Sakshi', 'Verma',  '2010-12-01','female','O-','general','d1000000-0000-0000-0000-000000000004','e1000000-0000-0000-0000-000000000007','b0000000-0000-0000-0000-000000000001','2025-04-03','Lucknow','Uttar Pradesh',TRUE,'active'),
  ('h1000000-0000-0000-0000-000000000007','a0000000-0000-0000-0000-000000000001','ADM2507','Arjun',  'Mishra', '2012-02-17','male',  'A-','obc',    'd1000000-0000-0000-0000-000000000002','e1000000-0000-0000-0000-000000000003','b0000000-0000-0000-0000-000000000001','2025-04-05','Lucknow','Uttar Pradesh',TRUE,'active'),
  ('h1000000-0000-0000-0000-000000000008','a0000000-0000-0000-0000-000000000001','ADM2508','Neha',   'Tiwari', '2009-08-24','female','B+','general','d1000000-0000-0000-0000-000000000005','e1000000-0000-0000-0000-000000000008','b0000000-0000-0000-0000-000000000001','2025-04-06','Lucknow','Uttar Pradesh',TRUE,'active'),
  ('h1000000-0000-0000-0000-000000000009','a0000000-0000-0000-0000-000000000001','ADM2509','Vikram', 'Joshi',  '2011-04-11','male',  'AB-','ews',   'd1000000-0000-0000-0000-000000000003','e1000000-0000-0000-0000-000000000005','b0000000-0000-0000-0000-000000000001','2025-04-07','Lucknow','Uttar Pradesh',TRUE,'active'),
  ('h1000000-0000-0000-0000-000000000010','a0000000-0000-0000-0000-000000000001','ADM2510','Kavya',  'Rao',    '2013-01-28','female','O+','general','d1000000-0000-0000-0000-000000000001','e1000000-0000-0000-0000-000000000001','b0000000-0000-0000-0000-000000000001','2025-04-08','Lucknow','Uttar Pradesh',TRUE,'active')
ON CONFLICT (admission_no) DO NOTHING;

-- Parent contacts
INSERT INTO student_parents (student_id, relation, full_name, phone, email, occupation, is_primary_contact, user_id) VALUES
  ('h1000000-0000-0000-0000-000000000001','father','Rajesh Sharma',  '9876543210','rajesh@gmail.com', 'Business',  TRUE,'c0000000-0000-0000-0000-000000000007'),
  ('h1000000-0000-0000-0000-000000000002','father','Manoj Singh',    '9765432100','manoj@gmail.com',  'Service',   TRUE,'c0000000-0000-0000-0000-000000000008'),
  ('h1000000-0000-0000-0000-000000000003','father','Suresh Gupta',   '9988776655','suresh@gmail.com', 'Business',  TRUE, NULL),
  ('h1000000-0000-0000-0000-000000000004','father','Deepak Patel',   '9765432108','deepak@gmail.com', 'Govt Job',  TRUE, NULL),
  ('h1000000-0000-0000-0000-000000000005','father','Anil Kumar',     '9543218760','anil@gmail.com',   'Farmer',    TRUE, NULL),
  ('h1000000-0000-0000-0000-000000000006','father','Vivek Verma',    '9812345670','vivek@gmail.com',  'Doctor',    TRUE, NULL),
  ('h1000000-0000-0000-0000-000000000007','father','Sunil Mishra',   '9765001234','sunil@gmail.com',  'Teacher',   TRUE, NULL),
  ('h1000000-0000-0000-0000-000000000008','father','Ramesh Tiwari',  '9634567890','ramesh@gmail.com', 'Service',   TRUE, NULL),
  ('h1000000-0000-0000-0000-000000000009','father','Kailash Joshi',  '9876001234','kailash@gmail.com','Business',  TRUE, NULL),
  ('h1000000-0000-0000-0000-000000000010','father','Naresh Rao',     '9754321098','naresh@gmail.com', 'Advocate',  TRUE, NULL)
ON CONFLICT DO NOTHING;

-- ============================================================
-- STUDENT FEES (Tuition - June 2025)
-- ============================================================
INSERT INTO student_fees (school_id, student_id, academic_year_id, fee_type_id, amount, paid_amount, status, due_date, month_year) VALUES
  ('a0000000-0000-0000-0000-000000000001','h1000000-0000-0000-0000-000000000001','b0000000-0000-0000-0000-000000000001','g1000000-0000-0000-0000-000000000001',1500.00,1500.00,'paid',  '2025-06-10','2025-06'),
  ('a0000000-0000-0000-0000-000000000001','h1000000-0000-0000-0000-000000000002','b0000000-0000-0000-0000-000000000001','g1000000-0000-0000-0000-000000000001',1200.00,   0.00,'pending','2025-06-10','2025-06'),
  ('a0000000-0000-0000-0000-000000000001','h1000000-0000-0000-0000-000000000003','b0000000-0000-0000-0000-000000000001','g1000000-0000-0000-0000-000000000001',1800.00,1800.00,'paid',  '2025-06-10','2025-06'),
  ('a0000000-0000-0000-0000-000000000001','h1000000-0000-0000-0000-000000000004','b0000000-0000-0000-0000-000000000001','g1000000-0000-0000-0000-000000000001',1200.00, 600.00,'partial','2025-06-10','2025-06'),
  ('a0000000-0000-0000-0000-000000000001','h1000000-0000-0000-0000-000000000005','b0000000-0000-0000-0000-000000000001','g1000000-0000-0000-0000-000000000001',1500.00,   0.00,'pending','2025-06-10','2025-06'),
  ('a0000000-0000-0000-0000-000000000001','h1000000-0000-0000-0000-000000000006','b0000000-0000-0000-0000-000000000001','g1000000-0000-0000-0000-000000000001',1500.00,1500.00,'paid',  '2025-06-10','2025-06'),
  ('a0000000-0000-0000-0000-000000000001','h1000000-0000-0000-0000-000000000007','b0000000-0000-0000-0000-000000000001','g1000000-0000-0000-0000-000000000001',1200.00,1200.00,'paid',  '2025-06-10','2025-06'),
  ('a0000000-0000-0000-0000-000000000001','h1000000-0000-0000-0000-000000000008','b0000000-0000-0000-0000-000000000001','g1000000-0000-0000-0000-000000000001',1500.00, 750.00,'partial','2025-06-10','2025-06'),
  ('a0000000-0000-0000-0000-000000000001','h1000000-0000-0000-0000-000000000009','b0000000-0000-0000-0000-000000000001','g1000000-0000-0000-0000-000000000001',1200.00,   0.00,'pending','2025-06-10','2025-06'),
  ('a0000000-0000-0000-0000-000000000001','h1000000-0000-0000-0000-000000000010','b0000000-0000-0000-0000-000000000001','g1000000-0000-0000-0000-000000000001',1200.00,1200.00,'paid',  '2025-06-10','2025-06')
ON CONFLICT DO NOTHING;

-- ============================================================
-- FEE PAYMENTS (for paid students)
-- ============================================================
INSERT INTO fee_payments (school_id, student_id, receipt_no, amount, payment_mode, payment_date, collected_by, remarks) VALUES
  ('a0000000-0000-0000-0000-000000000001','h1000000-0000-0000-0000-000000000001','REC250600001',1500.00,'cash',       '2025-06-05 10:30:00','c0000000-0000-0000-0000-000000000005','June tuition fee'),
  ('a0000000-0000-0000-0000-000000000001','h1000000-0000-0000-0000-000000000003','REC250600002',1800.00,'upi',        '2025-06-04 14:15:00','c0000000-0000-0000-0000-000000000005','June tuition fee'),
  ('a0000000-0000-0000-0000-000000000001','h1000000-0000-0000-0000-000000000004','REC250600003', 600.00,'cash',       '2025-06-06 11:00:00','c0000000-0000-0000-0000-000000000005','Partial payment'),
  ('a0000000-0000-0000-0000-000000000001','h1000000-0000-0000-0000-000000000006','REC250600004',1500.00,'bank_transfer','2025-06-03 09:45:00','c0000000-0000-0000-0000-000000000005','June tuition fee'),
  ('a0000000-0000-0000-0000-000000000001','h1000000-0000-0000-0000-000000000007','REC250600005',1200.00,'upi',        '2025-06-05 16:20:00','c0000000-0000-0000-0000-000000000005','June tuition fee'),
  ('a0000000-0000-0000-0000-000000000001','h1000000-0000-0000-0000-000000000008','REC250600006', 750.00,'cash',       '2025-06-06 10:00:00','c0000000-0000-0000-0000-000000000005','Partial payment'),
  ('a0000000-0000-0000-0000-000000000001','h1000000-0000-0000-0000-000000000010','REC250600007',1200.00,'upi',        '2025-06-07 09:00:00','c0000000-0000-0000-0000-000000000005','June tuition fee')
ON CONFLICT (receipt_no) DO NOTHING;

-- ============================================================
-- ATTENDANCE (June 2025 — past days)
-- ============================================================
INSERT INTO student_attendance (school_id, student_id, class_id, section_id, academic_year_id, date, status, marked_by) VALUES
  -- June 2 (Mon)
  ('a0000000-0000-0000-0000-000000000001','h1000000-0000-0000-0000-000000000001','d1000000-0000-0000-0000-000000000005','e1000000-0000-0000-0000-000000000008','b0000000-0000-0000-0000-000000000001','2025-06-02','present','c0000000-0000-0000-0000-000000000003'),
  ('a0000000-0000-0000-0000-000000000001','h1000000-0000-0000-0000-000000000002','d1000000-0000-0000-0000-000000000003','e1000000-0000-0000-0000-000000000006','b0000000-0000-0000-0000-000000000001','2025-06-02','absent', 'c0000000-0000-0000-0000-000000000004'),
  ('a0000000-0000-0000-0000-000000000001','h1000000-0000-0000-0000-000000000003','d1000000-0000-0000-0000-000000000007','e1000000-0000-0000-0000-000000000010','b0000000-0000-0000-0000-000000000001','2025-06-02','present','c0000000-0000-0000-0000-000000000003'),
  ('a0000000-0000-0000-0000-000000000001','h1000000-0000-0000-0000-000000000004','d1000000-0000-0000-0000-000000000001','e1000000-0000-0000-0000-000000000001','b0000000-0000-0000-0000-000000000001','2025-06-02','present','c0000000-0000-0000-0000-000000000003'),
  ('a0000000-0000-0000-0000-000000000001','h1000000-0000-0000-0000-000000000005','d1000000-0000-0000-0000-000000000006','e1000000-0000-0000-0000-000000000009','b0000000-0000-0000-0000-000000000001','2025-06-02','leave',  'c0000000-0000-0000-0000-000000000003'),
  -- June 3 (Tue)
  ('a0000000-0000-0000-0000-000000000001','h1000000-0000-0000-0000-000000000001','d1000000-0000-0000-0000-000000000005','e1000000-0000-0000-0000-000000000008','b0000000-0000-0000-0000-000000000001','2025-06-03','present','c0000000-0000-0000-0000-000000000003'),
  ('a0000000-0000-0000-0000-000000000001','h1000000-0000-0000-0000-000000000002','d1000000-0000-0000-0000-000000000003','e1000000-0000-0000-0000-000000000006','b0000000-0000-0000-0000-000000000001','2025-06-03','present','c0000000-0000-0000-0000-000000000004'),
  ('a0000000-0000-0000-0000-000000000001','h1000000-0000-0000-0000-000000000003','d1000000-0000-0000-0000-000000000007','e1000000-0000-0000-0000-000000000010','b0000000-0000-0000-0000-000000000001','2025-06-03','present','c0000000-0000-0000-0000-000000000003'),
  ('a0000000-0000-0000-0000-000000000001','h1000000-0000-0000-0000-000000000004','d1000000-0000-0000-0000-000000000001','e1000000-0000-0000-0000-000000000001','b0000000-0000-0000-0000-000000000001','2025-06-03','absent', 'c0000000-0000-0000-0000-000000000003'),
  ('a0000000-0000-0000-0000-000000000001','h1000000-0000-0000-0000-000000000005','d1000000-0000-0000-0000-000000000006','e1000000-0000-0000-0000-000000000009','b0000000-0000-0000-0000-000000000001','2025-06-03','present','c0000000-0000-0000-0000-000000000003')
ON CONFLICT (student_id, date) DO NOTHING;

-- ============================================================
-- EMPLOYEES
-- ============================================================
INSERT INTO employees (id, school_id, user_id, employee_id, first_name, last_name, employee_type, department, designation, phone, email, joining_date, qualification, experience_years, is_active) VALUES
  ('i1000000-0000-0000-0000-000000000001','a0000000-0000-0000-0000-000000000001','c0000000-0000-0000-0000-000000000003','EMP2401','Sunita','Sharma',  'teacher',    'Mathematics','Senior Teacher', '9000000003','teacher1@sunrise.edu.in','2019-08-01','M.Sc. B.Ed.',6,TRUE),
  ('i1000000-0000-0000-0000-000000000002','a0000000-0000-0000-0000-000000000001','c0000000-0000-0000-0000-000000000004','EMP2402','Ramesh','Yadav',    'teacher',    'Science',    'Teacher',        '9000000004','teacher2@sunrise.edu.in','2021-06-01','M.Sc. B.Ed.',4,TRUE),
  ('i1000000-0000-0000-0000-000000000003','a0000000-0000-0000-0000-000000000001','c0000000-0000-0000-0000-000000000005','EMP2403','Kavita','Mishra',   'accountant', 'Finance',    'Sr. Accountant', '9000000005','accounts@sunrise.edu.in','2018-01-15','M.Com.',     7,TRUE),
  ('i1000000-0000-0000-0000-000000000004','a0000000-0000-0000-0000-000000000001',NULL,                                  'EMP2404','Dinesh','Kumar',    'driver',     'Transport',  'Senior Driver',  '9543210987','',                       '2020-03-01','Class 12',   5,TRUE),
  ('i1000000-0000-0000-0000-000000000005','a0000000-0000-0000-0000-000000000001','c0000000-0000-0000-0000-000000000006','EMP2405','Anjali','Singh',    'receptionist','Administration','Receptionist','9000000006','reception@sunrise.edu.in','2022-04-01','BBA',        3,TRUE)
ON CONFLICT (employee_id) DO NOTHING;

-- ============================================================
-- TRANSPORT ROUTES & VEHICLES
-- ============================================================
INSERT INTO transport_routes (id, school_id, route_name, route_no, start_point, end_point, distance_km, monthly_fee) VALUES
  ('j1000000-0000-0000-0000-000000000001','a0000000-0000-0000-0000-000000000001','Hazratganj Route',  'R-A','Hazratganj',   'School',18.5,800.00),
  ('j1000000-0000-0000-0000-000000000002','a0000000-0000-0000-0000-000000000001','Gomti Nagar Route', 'R-B','Gomti Nagar',  'School',14.2,750.00),
  ('j1000000-0000-0000-0000-000000000003','a0000000-0000-0000-0000-000000000001','Aliganj Route',     'R-C','Aliganj',      'School',10.8,700.00),
  ('j1000000-0000-0000-0000-000000000004','a0000000-0000-0000-0000-000000000001','Indira Nagar Route','R-D','Indira Nagar', 'School',22.0,900.00)
ON CONFLICT DO NOTHING;

INSERT INTO vehicles (school_id, registration_no, vehicle_type, make_model, capacity, route_id, driver_id) VALUES
  ('a0000000-0000-0000-0000-000000000001','UP32AB1234','school_bus','Tata Starbus 54',52,'j1000000-0000-0000-0000-000000000001','i1000000-0000-0000-0000-000000000004'),
  ('a0000000-0000-0000-0000-000000000001','UP32CD5678','school_bus','Tata Starbus 54',52,'j1000000-0000-0000-0000-000000000002',NULL),
  ('a0000000-0000-0000-0000-000000000001','UP32EF9012','van',       'Force Traveller', 12,'j1000000-0000-0000-0000-000000000003',NULL),
  ('a0000000-0000-0000-0000-000000000001','UP32GH3456','school_bus','Mahindra Cruzio', 45,'j1000000-0000-0000-0000-000000000004',NULL)
ON CONFLICT (registration_no) DO NOTHING;

-- ============================================================
-- LIBRARY BOOKS
-- ============================================================
INSERT INTO books (school_id, isbn, title, author, publisher, category, total_copies, available_copies, rack_no) VALUES
  ('a0000000-0000-0000-0000-000000000001','978-0-13-110362-7','Mathematics Class 10',      'R.D. Sharma',     'Dhanpat Rai','Textbook', 10, 7,'A-1'),
  ('a0000000-0000-0000-0000-000000000001','978-0-19-852663-6','Science Class 9',            'NCERT',           'NCERT',      'Textbook', 15,12,'A-2'),
  ('a0000000-0000-0000-0000-000000000001','978-0-00-000001-0','Wings of Fire',              'A.P.J. Abdul Kalam','Penguin','Biography',  5, 3,'B-1'),
  ('a0000000-0000-0000-0000-000000000001','978-0-00-000002-0','Harry Potter and the Philosopher''s Stone','J.K. Rowling','Bloomsbury','Fiction',3, 2,'B-2'),
  ('a0000000-0000-0000-0000-000000000001','978-0-00-000003-0','The Discovery of India',     'Jawaharlal Nehru','Penguin', 'History',   4, 4,'C-1'),
  ('a0000000-0000-0000-0000-000000000001','978-0-00-000004-0','English Grammar & Composition','Wren & Martin','S. Chand','Reference', 20,18,'A-3'),
  ('a0000000-0000-0000-0000-000000000001','978-0-00-000005-0','Physics Class 12',           'H.C. Verma',      'Bharati Bhawan','Textbook',8, 5,'A-4'),
  ('a0000000-0000-0000-0000-000000000001','978-0-00-000006-0','Chemistry Class 11',         'NCERT',           'NCERT',      'Textbook', 12,10,'A-5')
ON CONFLICT DO NOTHING;

-- ============================================================
-- NOTICES
-- ============================================================
INSERT INTO notices (school_id, title, content, notice_type, is_published, publish_date, created_by) VALUES
  ('a0000000-0000-0000-0000-000000000001',
   'Parent-Teacher Meeting on 12 June 2025',
   'All parents are requested to attend the Parent-Teacher Meeting scheduled on Thursday, 12 June 2025 from 10:00 AM to 1:00 PM. Please collect your ward''s progress report during the meeting.',
   'event', TRUE, '2025-06-05 09:00:00', 'c0000000-0000-0000-0000-000000000002'),

  ('a0000000-0000-0000-0000-000000000001',
   'Half-Yearly Exam Schedule Released',
   'The half-yearly examination schedule for 2025-26 has been released. Exams will be held from 14 June to 20 June 2025. Students are advised to prepare accordingly.',
   'circular', TRUE, '2025-06-03 10:00:00', 'c0000000-0000-0000-0000-000000000002'),

  ('a0000000-0000-0000-0000-000000000001',
   'Annual Day Preparations Begin',
   'Preparations for the Annual Day 2025 have begun. Students interested in participating in cultural events should register with their class teachers before 15 June.',
   'event', TRUE, '2025-06-01 11:00:00', 'c0000000-0000-0000-0000-000000000002'),

  ('a0000000-0000-0000-0000-000000000001',
   'School Closed on 15 June — Eid Holiday',
   'The school will remain closed on Sunday, 15 June 2025 on account of Eid al-Adha. Normal classes will resume on Monday, 16 June 2025.',
   'holiday', TRUE, '2025-06-07 08:00:00', 'c0000000-0000-0000-0000-000000000001')
ON CONFLICT DO NOTHING;

-- ============================================================
-- EXPENSE CATEGORIES & EXPENSES
-- ============================================================
INSERT INTO expense_categories (school_id, name) VALUES
  ('a0000000-0000-0000-0000-000000000001','Salary'),
  ('a0000000-0000-0000-0000-000000000001','Maintenance'),
  ('a0000000-0000-0000-0000-000000000001','Utilities'),
  ('a0000000-0000-0000-0000-000000000001','Stationery'),
  ('a0000000-0000-0000-0000-000000000001','Events'),
  ('a0000000-0000-0000-0000-000000000001','Miscellaneous')
ON CONFLICT DO NOTHING;

-- ============================================================
-- ENQUIRIES
-- ============================================================
INSERT INTO enquiries (school_id, enquiry_no, student_name, parent_name, mobile, class_interested, source, follow_up_date, status, remarks) VALUES
  ('a0000000-0000-0000-0000-000000000001','ENQ250001','Riya Gupta',     'Sanjay Gupta',    '9811001100','Class 6','walk_in',    '2025-06-10','new',        'Interested in science stream'),
  ('a0000000-0000-0000-0000-000000000001','ENQ250002','Rahul Sharma',   'Amit Sharma',     '9822002200','Class 9','phone',      '2025-06-09','follow_up',  'Called back — wants fee details'),
  ('a0000000-0000-0000-0000-000000000001','ENQ250003','Pooja Verma',    'Dinesh Verma',    '9833003300','Class 7','reference',  '2025-06-08','interested', 'Referred by Priya Singh''s parents'),
  ('a0000000-0000-0000-0000-000000000001','ENQ250004','Akash Yadav',    'Suresh Yadav',    '9844004400','Class 11','website',   '2025-06-12','new',        'Wants commerce stream'),
  ('a0000000-0000-0000-0000-000000000001','ENQ250005','Sneha Pandey',   'Vijay Pandey',    '9855005500','Class 8','walk_in',    '2025-06-11','interested', 'Demo class requested'),
  ('a0000000-0000-0000-0000-000000000001','ENQ250006','Manish Srivastava','Ajay Srivastava','9866006600','Class 10','phone',    '2025-06-10','follow_up',  'Needs transport facility info')
ON CONFLICT (enquiry_no) DO NOTHING;

-- ============================================================
-- HOLIDAYS
-- ============================================================
INSERT INTO holidays (school_id, academic_year_id, name, holiday_date, type, description) VALUES
  ('a0000000-0000-0000-0000-000000000001','b0000000-0000-0000-0000-000000000001','Republic Day',      '2026-01-26','national', 'National Holiday'),
  ('a0000000-0000-0000-0000-000000000001','b0000000-0000-0000-0000-000000000001','Holi',              '2026-03-02','festival', 'Festival of Colors'),
  ('a0000000-0000-0000-0000-000000000001','b0000000-0000-0000-0000-000000000001','Eid al-Fitr',       '2026-03-20','festival', 'Islamic Festival'),
  ('a0000000-0000-0000-0000-000000000001','b0000000-0000-0000-0000-000000000001','Independence Day',  '2025-08-15','national', 'National Holiday'),
  ('a0000000-0000-0000-0000-000000000001','b0000000-0000-0000-0000-000000000001','Gandhi Jayanti',    '2025-10-02','national', 'National Holiday'),
  ('a0000000-0000-0000-0000-000000000001','b0000000-0000-0000-0000-000000000001','Diwali Vacation',   '2025-10-20','school',   '5-day Diwali break'),
  ('a0000000-0000-0000-0000-000000000001','b0000000-0000-0000-0000-000000000001','Christmas',         '2025-12-25','national', 'National Holiday'),
  ('a0000000-0000-0000-0000-000000000001','b0000000-0000-0000-0000-000000000001','Summer Vacation Start','2025-05-15','school','Summer break begins')
ON CONFLICT DO NOTHING;

-- ============================================================
-- LEAVE TYPES
-- ============================================================
INSERT INTO leave_types (school_id, name, days_allowed, applies_to) VALUES
  ('a0000000-0000-0000-0000-000000000001','Casual Leave',     12,'all'),
  ('a0000000-0000-0000-0000-000000000001','Medical Leave',    15,'all'),
  ('a0000000-0000-0000-0000-000000000001','Earned Leave',     30,'all'),
  ('a0000000-0000-0000-0000-000000000001','Maternity Leave', 180,'teacher'),
  ('a0000000-0000-0000-0000-000000000001','Paternity Leave',  15,'teacher')
ON CONFLICT DO NOTHING;

-- ============================================================
-- INVENTORY CATEGORIES & ITEMS
-- ============================================================
INSERT INTO inventory_categories (school_id, name) VALUES
  ('a0000000-0000-0000-0000-000000000001','Furniture'),
  ('a0000000-0000-0000-0000-000000000001','Electronics'),
  ('a0000000-0000-0000-0000-000000000001','Sports Equipment'),
  ('a0000000-0000-0000-0000-000000000001','Lab Equipment'),
  ('a0000000-0000-0000-0000-000000000001','Stationery')
ON CONFLICT DO NOTHING;

-- ============================================================
-- FINAL VERIFICATION
-- ============================================================
DO $$
DECLARE
  s_count  INTEGER;
  st_count INTEGER;
  u_count  INTEGER;
BEGIN
  SELECT COUNT(*) INTO s_count  FROM schools;
  SELECT COUNT(*) INTO st_count FROM students;
  SELECT COUNT(*) INTO u_count  FROM users;
  RAISE NOTICE '✅ Seed complete! Schools: %, Students: %, Users: %', s_count, st_count, u_count;
  RAISE NOTICE '🔑 Login: admin / admin123  (or principal / teacher1 / accountant / parent1)';
END $$;
